Model,Accuracy,Precision,Recall,F1 Score
Random Forest Classifier,0.7666666666666667,0.6961904761904762,0.7666666666666667,0.6850083821144914
Decision Tree Classifier,0.7277777777777777,0.7297745506700731,0.7277777777777777,0.7285898104677447
