Model,R2 Score,MAE,RMSE
Random Forest Regressor,0.5193519744811261,4.307138271604939,5.366775155700581
Decision Tree Regressor,0.011726623134774905,6.17838888888889,7.695527019711588
